,barcode,n_genes,percent_mito,n_counts,desc_0.8,max.prob0.8
GSM1594219,GSM1594219,43799,0.0,201846.9,7,0.24130999
GSM1594220,GSM1594220,43799,0.0,200742.19,1,0.47156978
GSM1594221,GSM1594221,43799,0.0,200416.3,4,0.5072654
GSM1594222,GSM1594222,43799,0.0,201139.83,4,0.50501835
GSM1594223,GSM1594223,43799,0.0,204108.12,9,0.53492725
GSM1594224,GSM1594224,43799,0.0,203012.47,10,0.42991918
GSM1594225,GSM1594225,43799,0.0,201050.7,1,0.33569074
GSM1594226,GSM1594226,43799,0.0,200935.67,7,0.48800284
GSM1594227,GSM1594227,43799,0.0,202143.8,1,0.3959578
GSM1594228,GSM1594228,43799,0.0,199918.81,1,0.39820874
GSM1594229,GSM1594229,43799,0.0,203333.08,1,0.3822654
GSM1594230,GSM1594230,43799,0.0,200802.48,3,0.47544804
GSM1594231,GSM1594231,43799,0.0,202304.81,1,0.42617115
GSM1594232,GSM1594232,43799,0.0,201597.03,3,0.46203142
GSM1594233,GSM1594233,43799,0.0,198738.78,3,0.43727487
GSM1594234,GSM1594234,43799,0.0,201520.5,10,0.52335393
GSM1594235,GSM1594235,43799,0.0,201602.97,9,0.55229324
GSM1594236,GSM1594236,43799,0.0,201681.61,9,0.5539245
GSM1594237,GSM1594237,43799,0.0,202495.42,7,0.49673378
GSM1594238,GSM1594238,43799,0.0,202748.97,7,0.5073993
GSM1594239,GSM1594239,43799,0.0,201198.2,7,0.3948568
GSM1594240,GSM1594240,43799,0.0,202625.52,7,0.4966262
GSM1594241,GSM1594241,43799,0.0,201197.98,7,0.3330254
GSM1594244,GSM1594244,43799,0.0,201296.95,2,0.5350152
GSM1594247,GSM1594247,43799,0.0,201285.1,9,0.53951466
GSM1594250,GSM1594250,43799,0.0,201658.52,4,0.50889325
GSM1594253,GSM1594253,43799,0.0,200953.72,5,0.46052435
GSM1594254,GSM1594254,43799,0.0,204141.73,7,0.24383025
GSM1594255,GSM1594255,43799,0.0,201641.34,7,0.46842518
GSM1594256,GSM1594256,43799,0.0,202237.45,7,0.39502934
GSM1594257,GSM1594257,43799,0.0,202304.23,7,0.3131541
GSM1594258,GSM1594258,43799,0.0,199466.7,6,0.39465526
GSM1594259,GSM1594259,43799,0.0,200724.06,1,0.4702058
GSM1594260,GSM1594260,43799,0.0,203338.11,7,0.44916752
GSM1594261,GSM1594261,43799,0.0,202465.94,7,0.46267802
GSM1594262,GSM1594262,43799,0.0,202443.17,7,0.5027971
GSM1594263,GSM1594263,43799,0.0,202090.92,7,0.443415
GSM1594264,GSM1594264,43799,0.0,200770.88,9,0.5518041
GSM1594265,GSM1594265,43799,0.0,202800.33,9,0.555149
GSM1594266,GSM1594266,43799,0.0,201087.6,9,0.55483764
GSM1594267,GSM1594267,43799,0.0,202710.89,9,0.5534998
GSM1594268,GSM1594268,43799,0.0,202165.36,5,0.51647186
GSM1594269,GSM1594269,43799,0.0,201525.05,4,0.5089161
GSM1594270,GSM1594270,43799,0.0,202683.53,9,0.5532019
GSM1594271,GSM1594271,43799,0.0,202424.95,8,0.2188334
GSM1594272,GSM1594272,43799,0.0,201513.17,0,0.39775893
GSM1594273,GSM1594273,43799,0.0,202509.78,3,0.45358455
GSM1594274,GSM1594274,43799,0.0,199849.14,8,0.20129292
GSM1594275,GSM1594275,43799,0.0,200696.33,2,0.53516066
GSM1594276,GSM1594276,43799,0.0,199662.6,6,0.3822036
GSM1594277,GSM1594277,43799,0.0,201252.98,2,0.5283049
GSM1594278,GSM1594278,43799,0.0,201408.38,2,0.5261376
GSM1594279,GSM1594279,43799,0.0,202642.12,7,0.41365558
GSM1594280,GSM1594280,43799,0.0,200288.89,1,0.44657838
GSM1594281,GSM1594281,43799,0.0,199897.25,0,0.38809562
GSM1594282,GSM1594282,43799,0.0,200286.47,6,0.4412943
GSM1594283,GSM1594283,43799,0.0,202404.1,6,0.37758952
GSM1594284,GSM1594284,43799,0.0,202124.69,3,0.50552434
GSM1594285,GSM1594285,43799,0.0,199216.45,8,0.50763524
GSM1594286,GSM1594286,43799,0.0,200501.98,10,0.4784068
GSM1594287,GSM1594287,43799,0.0,203550.42,1,0.36660224
GSM1594288,GSM1594288,43799,0.0,201176.02,11,0.2724921
GSM1594289,GSM1594289,43799,0.0,201125.36,2,0.53493994
GSM1594290,GSM1594290,43799,0.0,201927.8,4,0.5097723
GSM1594291,GSM1594291,43799,0.0,200646.64,13,0.5240012
GSM1594292,GSM1594292,43799,0.0,199977.45,0,0.444021
GSM1594293,GSM1594293,43799,0.0,199660.47,2,0.535677
GSM1594294,GSM1594294,43799,0.0,198950.44,2,0.3559626
GSM1594295,GSM1594295,43799,0.0,199593.52,4,0.4513063
GSM1594296,GSM1594296,43799,0.0,200377.36,5,0.30126524
GSM1594297,GSM1594297,43799,0.0,200256.9,5,0.37378243
GSM1594298,GSM1594298,43799,0.0,200723.47,4,0.5106014
GSM1594299,GSM1594299,43799,0.0,201343.95,0,0.30183974
GSM1594300,GSM1594300,43799,0.0,201095.88,9,0.5667484
GSM1594301,GSM1594301,43799,0.0,202105.23,4,0.5119908
GSM1594302,GSM1594302,43799,0.0,201231.03,4,0.5118562
GSM1594303,GSM1594303,43799,0.0,200515.73,2,0.53521085
GSM1594304,GSM1594304,43799,0.0,202548.28,2,0.5351336
GSM1594305,GSM1594305,43799,0.0,201193.16,4,0.5040964
GSM1594306,GSM1594306,43799,0.0,199843.81,2,0.5342805
GSM1594307,GSM1594307,43799,0.0,199366.8,2,0.5354722
GSM1594308,GSM1594308,43799,0.0,198499.22,4,0.5120735
GSM1594309,GSM1594309,43799,0.0,201729.78,2,0.5327906
GSM1594310,GSM1594310,43799,0.0,201051.52,2,0.5359741
GSM1594311,GSM1594311,43799,0.0,201934.61,4,0.274821
GSM1594312,GSM1594312,43799,0.0,202947.6,4,0.5027894
GSM1594313,GSM1594313,43799,0.0,200819.39,5,0.3940971
GSM1594314,GSM1594314,43799,0.0,200664.8,13,0.51685363
GSM1594315,GSM1594315,43799,0.0,202239.88,2,0.53298384
GSM1594316,GSM1594316,43799,0.0,201926.03,4,0.5112242
GSM1594317,GSM1594317,43799,0.0,200954.11,2,0.53234625
GSM1594318,GSM1594318,43799,0.0,202165.17,9,0.5429514
GSM1594319,GSM1594319,43799,0.0,201537.78,2,0.33069348
GSM1594320,GSM1594320,43799,0.0,202314.06,2,0.5350098
GSM1594321,GSM1594321,43799,0.0,201888.72,2,0.5353156
GSM1594322,GSM1594322,43799,0.0,202090.81,2,0.5328324
GSM1594323,GSM1594323,43799,0.0,202010.75,2,0.5170891
GSM1594324,GSM1594324,43799,0.0,201306.77,13,0.33660766
GSM1594325,GSM1594325,43799,0.0,201228.58,4,0.5099924
GSM1594326,GSM1594326,43799,0.0,202525.94,4,0.5070786
GSM1594327,GSM1594327,43799,0.0,201265.42,5,0.4551042
GSM1594328,GSM1594328,43799,0.0,203112.12,9,0.5479561
GSM1594329,GSM1594329,43799,0.0,202988.25,9,0.54083335
GSM1594330,GSM1594330,43799,0.0,201566.62,2,0.5325267
GSM1594331,GSM1594331,43799,0.0,199483.6,0,0.4249192
GSM1594332,GSM1594332,43799,0.0,202735.62,9,0.5533011
GSM1594333,GSM1594333,43799,0.0,202344.53,9,0.5602843
GSM1594334,GSM1594334,43799,0.0,201002.38,5,0.447732
GSM1594335,GSM1594335,43799,0.0,202409.72,9,0.560804
GSM1594336,GSM1594336,43799,0.0,202947.16,2,0.5358705
GSM1594337,GSM1594337,43799,0.0,201819.08,2,0.35067207
GSM1594338,GSM1594338,43799,0.0,201795.31,9,0.56930757
GSM1594339,GSM1594339,43799,0.0,201247.52,9,0.5273983
GSM1594340,GSM1594340,43799,0.0,201723.11,2,0.52604204
GSM1594341,GSM1594341,43799,0.0,200455.19,4,0.50433314
GSM1594342,GSM1594342,43799,0.0,199809.11,2,0.32572895
GSM1594343,GSM1594343,43799,0.0,200548.2,5,0.37568533
GSM1594344,GSM1594344,43799,0.0,201028.94,3,0.32867354
GSM1594345,GSM1594345,43799,0.0,203244.06,13,0.52963245
GSM1594346,GSM1594346,43799,0.0,203145.48,5,0.37212345
GSM1594347,GSM1594347,43799,0.0,200102.5,6,0.5196374
GSM1594348,GSM1594348,43799,0.0,207529.66,12,0.41128653
GSM1594349,GSM1594349,43799,0.0,205912.56,3,0.25186244
GSM1594350,GSM1594350,43799,0.0,205785.39,3,0.23348188
GSM1594351,GSM1594351,43799,0.0,199074.1,11,0.20563506
GSM1594352,GSM1594352,43799,0.0,200402.78,4,0.51051486
GSM1594353,GSM1594353,43799,0.0,201192.86,2,0.5256477
GSM1594354,GSM1594354,43799,0.0,202856.58,9,0.57599896
GSM1594355,GSM1594355,43799,0.0,202354.31,0,0.45454308
GSM1594356,GSM1594356,43799,0.0,203287.4,10,0.50694925
GSM1594357,GSM1594357,43799,0.0,203426.05,10,0.48448673
GSM1594358,GSM1594358,43799,0.0,201509.64,10,0.4562051
GSM1594359,GSM1594359,43799,0.0,203591.77,7,0.3049871
GSM1594360,GSM1594360,43799,0.0,201856.69,4,0.5108166
GSM1594361,GSM1594361,43799,0.0,199893.98,3,0.3387541
GSM1594362,GSM1594362,43799,0.0,198884.66,8,0.48745403
GSM1594363,GSM1594363,43799,0.0,199660.94,3,0.44405726
GSM1594364,GSM1594364,43799,0.0,200640.97,1,0.43486154
GSM1594365,GSM1594365,43799,0.0,201197.67,1,0.27865595
GSM1594366,GSM1594366,43799,0.0,201727.6,6,0.28996715
GSM1594367,GSM1594367,43799,0.0,200184.8,0,0.25876597
GSM1594368,GSM1594368,43799,0.0,203084.66,9,0.57408583
GSM1594369,GSM1594369,43799,0.0,201482.72,4,0.51053745
GSM1594370,GSM1594370,43799,0.0,201040.52,2,0.5298465
GSM1594371,GSM1594371,43799,0.0,203401.78,2,0.34578788
GSM1594372,GSM1594372,43799,0.0,200609.31,2,0.53604645
GSM1594373,GSM1594373,43799,0.0,202402.56,4,0.5012246
GSM1594374,GSM1594374,43799,0.0,201064.17,2,0.53321064
GSM1594375,GSM1594375,43799,0.0,199857.92,2,0.5279841
GSM1594376,GSM1594376,43799,0.0,200066.23,2,0.534314
GSM1594377,GSM1594377,43799,0.0,200991.36,9,0.5504096
GSM1594378,GSM1594378,43799,0.0,201059.61,9,0.5560364
GSM1594379,GSM1594379,43799,0.0,194744.81,12,0.19622481
GSM1594380,GSM1594380,43799,0.0,199776.97,9,0.55224746
GSM1594381,GSM1594381,43799,0.0,198395.56,2,0.53516287
GSM1594382,GSM1594382,43799,0.0,201498.84,9,0.54777825
GSM1594383,GSM1594383,43799,0.0,197597.3,13,0.5323745
GSM1594384,GSM1594384,43799,0.0,199784.67,0,0.44859862
GSM1594385,GSM1594385,43799,0.0,199213.98,8,0.5506947
GSM1594386,GSM1594386,43799,0.0,201054.75,0,0.40718335
GSM1594387,GSM1594387,43799,0.0,204128.69,9,0.547333
GSM1594388,GSM1594388,43799,0.0,200225.45,0,0.41507572
GSM1594389,GSM1594389,43799,0.0,201802.89,0,0.19731136
GSM1594390,GSM1594390,43799,0.0,203005.19,13,0.52900285
GSM1594391,GSM1594391,43799,0.0,202171.3,0,0.42496482
GSM1594392,GSM1594392,43799,0.0,202718.72,4,0.5107346
GSM1594393,GSM1594393,43799,0.0,199538.77,5,0.3984422
GSM1594394,GSM1594394,43799,0.0,200078.34,6,0.37159082
GSM1594395,GSM1594395,43799,0.0,201711.89,2,0.5341398
GSM1594396,GSM1594396,43799,0.0,200547.73,0,0.17790289
GSM1594397,GSM1594397,43799,0.0,200490.62,12,0.5951045
GSM1594398,GSM1594398,43799,0.0,200692.75,0,0.3279172
GSM1594399,GSM1594399,43799,0.0,202357.06,6,0.3774483
GSM1594400,GSM1594400,43799,0.0,201417.55,1,0.28510132
GSM1594401,GSM1594401,43799,0.0,198874.78,13,0.52525604
GSM1594402,GSM1594402,43799,0.0,199462.75,4,0.5066944
GSM1594403,GSM1594403,43799,0.0,199447.78,4,0.49177945
GSM1594404,GSM1594404,43799,0.0,200838.45,5,0.49390048
GSM1594405,GSM1594405,43799,0.0,199985.25,2,0.52821755
GSM1594406,GSM1594406,43799,0.0,199233.81,11,0.52372193
GSM1594407,GSM1594407,43799,0.0,199515.67,5,0.5154522
GSM1594408,GSM1594408,43799,0.0,202298.84,4,0.50426024
GSM1594409,GSM1594409,43799,0.0,201746.78,2,0.53318363
GSM1594410,GSM1594410,43799,0.0,200559.44,2,0.52783513
GSM1594411,GSM1594411,43799,0.0,201004.88,2,0.517598
GSM1594412,GSM1594412,43799,0.0,201086.86,4,0.5108818
GSM1594413,GSM1594413,43799,0.0,199794.44,8,0.53024787
GSM1594414,GSM1594414,43799,0.0,198765.66,13,0.53094995
GSM1594415,GSM1594415,43799,0.0,201751.44,4,0.5101725
GSM1594416,GSM1594416,43799,0.0,201849.34,2,0.5350384
GSM1594417,GSM1594417,43799,0.0,200800.02,1,0.26037648
GSM1594418,GSM1594418,43799,0.0,200445.38,10,0.5223157
GSM1594419,GSM1594419,43799,0.0,199060.25,6,0.4689826
GSM1594420,GSM1594420,43799,0.0,199346.28,0,0.35714415
GSM1594421,GSM1594421,43799,0.0,199989.06,0,0.42050025
GSM1594422,GSM1594422,43799,0.0,199741.67,5,0.381946
GSM1594423,GSM1594423,43799,0.0,199521.77,4,0.46051145
GSM1594424,GSM1594424,43799,0.0,201416.75,4,0.4404661
GSM1594425,GSM1594425,43799,0.0,201619.45,2,0.5359163
GSM1594426,GSM1594426,43799,0.0,199745.86,4,0.4920354
GSM1594427,GSM1594427,43799,0.0,202182.56,4,0.5107745
GSM1594428,GSM1594428,43799,0.0,203580.94,10,0.5318152
GSM1594429,GSM1594429,43799,0.0,202743.05,3,0.47036755
GSM1594430,GSM1594430,43799,0.0,199653.86,12,0.28613046
GSM1594431,GSM1594431,43799,0.0,200746.58,0,0.45446494
GSM1594432,GSM1594432,43799,0.0,200908.8,0,0.4240609
GSM1594433,GSM1594433,43799,0.0,201282.69,0,0.39414793
GSM1594434,GSM1594434,43799,0.0,202655.38,3,0.29044574
GSM1594435,GSM1594435,43799,0.0,203920.64,10,0.52514404
GSM1594436,GSM1594436,43799,0.0,202318.16,3,0.47659552
GSM1594437,GSM1594437,43799,0.0,202139.77,6,0.41851783
GSM1594438,GSM1594438,43799,0.0,202498.53,3,0.43927824
GSM1594439,GSM1594439,43799,0.0,202466.84,1,0.47799245
GSM1594440,GSM1594440,43799,0.0,201457.69,3,0.4772912
GSM1594441,GSM1594441,43799,0.0,202169.94,0,0.1682266
GSM1594442,GSM1594442,43799,0.0,203884.38,8,0.5265561
GSM1594443,GSM1594443,43799,0.0,202357.84,0,0.44203013
GSM1594444,GSM1594444,43799,0.0,203023.95,0,0.317688
GSM1594445,GSM1594445,43799,0.0,202303.78,0,0.39236918
GSM1594446,GSM1594446,43799,0.0,202742.7,4,0.50265217
GSM1594447,GSM1594447,43799,0.0,200767.22,12,0.5506405
GSM1594448,GSM1594448,43799,0.0,201247.11,12,0.55095583
GSM1594449,GSM1594449,43799,0.0,201386.7,3,0.47535783
GSM1594450,GSM1594450,43799,0.0,200605.77,6,0.3911553
GSM1594451,GSM1594451,43799,0.0,199728.7,0,0.41453445
GSM1594452,GSM1594452,43799,0.0,204353.89,3,0.2523872
GSM1594453,GSM1594453,43799,0.0,205978.52,12,0.54618186
GSM1594454,GSM1594454,43799,0.0,201353.95,0,0.4109725
GSM1594455,GSM1594455,43799,0.0,201633.66,6,0.28384188
GSM1594456,GSM1594456,43799,0.0,201457.4,12,0.15042594
GSM1594457,GSM1594457,43799,0.0,202334.17,3,0.36901718
GSM1594458,GSM1594458,43799,0.0,203527.34,3,0.47624394
GSM1594459,GSM1594459,43799,0.0,203491.95,10,0.43837917
GSM1594460,GSM1594460,43799,0.0,202982.75,1,0.3888442
GSM1594461,GSM1594461,43799,0.0,200530.89,10,0.45708242
GSM1594462,GSM1594462,43799,0.0,202853.2,3,0.519072
GSM1594463,GSM1594463,43799,0.0,200563.95,1,0.47690406
GSM1594464,GSM1594464,43799,0.0,200812.31,12,0.22331466
GSM1594465,GSM1594465,43799,0.0,202361.17,10,0.51093674
GSM1594466,GSM1594466,43799,0.0,202529.62,7,0.49308607
GSM1594467,GSM1594467,43799,0.0,203307.66,3,0.52404296
GSM1594468,GSM1594468,43799,0.0,203344.62,3,0.2558374
GSM1594469,GSM1594469,43799,0.0,201586.92,6,0.45586565
GSM1594470,GSM1594470,43799,0.0,200851.48,12,0.5490143
GSM1594471,GSM1594471,43799,0.0,203475.17,3,0.390381
GSM1594472,GSM1594472,43799,0.0,202755.4,10,0.52402407
GSM1594473,GSM1594473,43799,0.0,201136.88,3,0.19758973
GSM1594474,GSM1594474,43799,0.0,201117.48,6,0.46555862
GSM1594475,GSM1594475,43799,0.0,202341.31,6,0.34651598
GSM1594476,GSM1594476,43799,0.0,201593.33,6,0.36491317
GSM1594477,GSM1594477,43799,0.0,202494.28,6,0.38179854
GSM1594478,GSM1594478,43799,0.0,200982.56,0,0.24934682
GSM1594479,GSM1594479,43799,0.0,202862.92,1,0.22919518
GSM1594480,GSM1594480,43799,0.0,200190.47,3,0.44927016
GSM1594481,GSM1594481,43799,0.0,203130.75,10,0.5242355
GSM1594482,GSM1594482,43799,0.0,202657.92,3,0.47674105
GSM1594483,GSM1594483,43799,0.0,199936.25,0,0.372099
GSM1594484,GSM1594484,43799,0.0,199818.83,12,0.5470935
GSM1594485,GSM1594485,43799,0.0,200511.55,0,0.39896935
GSM1594486,GSM1594486,43799,0.0,203437.98,10,0.4929668
GSM1594487,GSM1594487,43799,0.0,202621.33,0,0.38620907
GSM1594488,GSM1594488,43799,0.0,202184.95,0,0.27206475
GSM1594489,GSM1594489,43799,0.0,200398.92,6,0.44013712
GSM1594490,GSM1594490,43799,0.0,201332.97,12,0.5463329
GSM1594491,GSM1594491,43799,0.0,201687.17,6,0.39368814
GSM1594492,GSM1594492,43799,0.0,201430.08,3,0.43646818
GSM1594493,GSM1594493,43799,0.0,202003.48,12,0.5521687
GSM1594494,GSM1594494,43799,0.0,201364.62,12,0.55079967
GSM1594495,GSM1594495,43799,0.0,201350.14,3,0.4393961
GSM1594496,GSM1594496,43799,0.0,200909.1,3,0.33195454
GSM1594497,GSM1594497,43799,0.0,199018.92,8,0.53205824
GSM1594498,GSM1594498,43799,0.0,201700.56,3,0.48512912
GSM1594499,GSM1594499,43799,0.0,202540.16,7,0.42576966
GSM1594500,GSM1594500,43799,0.0,200823.02,7,0.42082986
GSM1594501,GSM1594501,43799,0.0,201437.88,5,0.5142817
GSM1594502,GSM1594502,43799,0.0,198223.58,0,0.31762338
GSM1594503,GSM1594503,43799,0.0,199688.02,5,0.38437015
GSM1594504,GSM1594504,43799,0.0,201485.53,7,0.23517686
GSM1594505,GSM1594505,43799,0.0,201577.44,5,0.4538535
GSM1594506,GSM1594506,43799,0.0,198885.05,12,0.54634184
GSM1594507,GSM1594507,43799,0.0,199302.77,0,0.3857294
GSM1594508,GSM1594508,43799,0.0,199034.7,12,0.33706802
GSM1594509,GSM1594509,43799,0.0,199957.86,12,0.5552501
GSM1594510,GSM1594510,43799,0.0,201143.36,3,0.48226246
GSM1594511,GSM1594511,43799,0.0,199255.11,12,0.54948777
GSM1594512,GSM1594512,43799,0.0,199143.4,0,0.37447137
GSM1594513,GSM1594513,43799,0.0,200044.95,3,0.17260626
GSM1594514,GSM1594514,43799,0.0,199908.3,13,0.53096145
GSM1594515,GSM1594515,43799,0.0,201471.23,3,0.35622272
GSM1594516,GSM1594516,43799,0.0,201334.47,4,0.5050289
GSM1594517,GSM1594517,43799,0.0,202209.95,3,0.44707108
GSM1594518,GSM1594518,43799,0.0,202606.05,3,0.49625775
GSM1594519,GSM1594519,43799,0.0,199730.98,5,0.47082746
GSM1594520,GSM1594520,43799,0.0,198515.1,8,0.27912158
GSM1594521,GSM1594521,43799,0.0,202441.73,6,0.36026442
GSM1594522,GSM1594522,43799,0.0,199961.38,0,0.47107506
GSM1594523,GSM1594523,43799,0.0,200469.62,0,0.38782406
GSM1594524,GSM1594524,43799,0.0,200406.19,0,0.47495085
GSM1594525,GSM1594525,43799,0.0,202390.77,1,0.4569288
GSM1594526,GSM1594526,43799,0.0,201977.7,1,0.47371766
GSM1594527,GSM1594527,43799,0.0,202764.22,12,0.54775476
GSM1594528,GSM1594528,43799,0.0,204532.4,10,0.36013508
GSM1594529,GSM1594529,43799,0.0,202133.73,3,0.3401601
GSM1594530,GSM1594530,43799,0.0,201394.48,3,0.19184437
GSM1594531,GSM1594531,43799,0.0,201780.55,3,0.3341008
GSM1594532,GSM1594532,43799,0.0,202333.28,3,0.4495785
GSM1594533,GSM1594533,43799,0.0,200842.12,12,0.54604447
GSM1594534,GSM1594534,43799,0.0,202904.36,9,0.54799604
GSM1594535,GSM1594535,43799,0.0,193222.34,8,0.37857458
GSM1594536,GSM1594536,43799,0.0,192804.8,0,0.15657333
GSM1594537,GSM1594537,43799,0.0,196952.42,8,0.3629071
GSM1594538,GSM1594538,43799,0.0,198197.89,11,0.4886366
GSM1594539,GSM1594539,43799,0.0,201794.81,2,0.3389974
GSM1594540,GSM1594540,43799,0.0,201198.69,2,0.404046
GSM1594541,GSM1594541,43799,0.0,195027.6,8,0.35851544
GSM1594542,GSM1594542,43799,0.0,200855.95,2,0.30585617
GSM1594543,GSM1594543,43799,0.0,198368.8,11,0.2712504
GSM1594544,GSM1594544,43799,0.0,197737.5,8,0.49535674
GSM1594545,GSM1594545,43799,0.0,199211.6,11,0.4830741
GSM1594546,GSM1594546,43799,0.0,200833.9,5,0.52353233
GSM1594547,GSM1594547,43799,0.0,199492.55,5,0.45570683
GSM1594548,GSM1594548,43799,0.0,197424.27,11,0.42003548
GSM1594549,GSM1594549,43799,0.0,196695.7,8,0.5052193
GSM1594550,GSM1594550,43799,0.0,195835.69,8,0.24773377
GSM1594551,GSM1594551,43799,0.0,199868.11,11,0.5022059
GSM1594552,GSM1594552,43799,0.0,195914.31,8,0.3710422
GSM1594553,GSM1594553,43799,0.0,200020.03,11,0.35202727
GSM1594554,GSM1594554,43799,0.0,202910.83,5,0.44605002
GSM1594555,GSM1594555,43799,0.0,200289.58,5,0.46274927
GSM1594556,GSM1594556,43799,0.0,198428.73,8,0.2508731
GSM1594557,GSM1594557,43799,0.0,198086.66,11,0.44965062
GSM1594558,GSM1594558,43799,0.0,200499.23,7,0.45008993
GSM1594559,GSM1594559,43799,0.0,201253.86,7,0.4584946
GSM1594560,GSM1594560,43799,0.0,199845.45,11,0.52664846
GSM1594561,GSM1594561,43799,0.0,201163.89,5,0.5246409
GSM1594562,GSM1594562,43799,0.0,194979.19,8,0.36427823
GSM1594563,GSM1594563,43799,0.0,200015.12,5,0.5203704
GSM1594564,GSM1594564,43799,0.0,198020.89,11,0.40988216
GSM1594565,GSM1594565,43799,0.0,193763.03,8,0.26149213
GSM1594566,GSM1594566,43799,0.0,198053.9,5,0.52083653
GSM1594567,GSM1594567,43799,0.0,198501.02,11,0.47864115
GSM1594568,GSM1594568,43799,0.0,200556.12,5,0.44168502
GSM1594569,GSM1594569,43799,0.0,196288.97,8,0.18645056
GSM1594570,GSM1594570,43799,0.0,202418.23,2,0.33932942
GSM1594571,GSM1594571,43799,0.0,200973.3,5,0.25185952
GSM1594572,GSM1594572,43799,0.0,196140.3,8,0.35769457
GSM1594573,GSM1594573,43799,0.0,201360.88,9,0.5432828
GSM1594574,GSM1594574,43799,0.0,201839.75,4,0.51158226
GSM1594575,GSM1594575,43799,0.0,202253.16,7,0.45061505
GSM1594576,GSM1594576,43799,0.0,202506.83,9,0.53740305
GSM1594577,GSM1594577,43799,0.0,201312.05,9,0.5402663
GSM1594578,GSM1594578,43799,0.0,198945.55,3,0.26350766
GSM1594579,GSM1594579,43799,0.0,202975.95,9,0.5631227
GSM1594580,GSM1594580,43799,0.0,201037.95,7,0.4908245
GSM1594581,GSM1594581,43799,0.0,199797.0,1,0.4571301
GSM1594582,GSM1594582,43799,0.0,201579.38,10,0.5244623
GSM1594583,GSM1594583,43799,0.0,203331.36,10,0.38250118
GSM1594584,GSM1594584,43799,0.0,201821.78,9,0.55705196
GSM1594585,GSM1594585,43799,0.0,202439.0,4,0.51083535
GSM1594586,GSM1594586,43799,0.0,200949.33,7,0.42214483
GSM1594587,GSM1594587,43799,0.0,202822.78,10,0.49723673
GSM1594588,GSM1594588,43799,0.0,201537.67,9,0.5379467
GSM1594589,GSM1594589,43799,0.0,202553.98,9,0.53514177
GSM1594590,GSM1594590,43799,0.0,201662.6,7,0.49580082
GSM1594591,GSM1594591,43799,0.0,201436.58,7,0.35911772
GSM1594592,GSM1594592,43799,0.0,203041.1,7,0.42510843
GSM1594593,GSM1594593,43799,0.0,203744.75,7,0.35483176
GSM1594594,GSM1594594,43799,0.0,201907.25,7,0.35654807
GSM1594595,GSM1594595,43799,0.0,201140.48,7,0.45973626
GSM1594596,GSM1594596,43799,0.0,200894.06,7,0.482513
GSM1594597,GSM1594597,43799,0.0,200241.08,7,0.35516578
GSM1594598,GSM1594598,43799,0.0,200709.6,9,0.55058146
GSM1594599,GSM1594599,43799,0.0,201584.05,9,0.5554008
GSM1594600,GSM1594600,43799,0.0,199913.88,2,0.53423303
GSM1594601,GSM1594601,43799,0.0,201075.4,4,0.5080241
GSM1594602,GSM1594602,43799,0.0,200171.03,4,0.4853765
GSM1594603,GSM1594603,43799,0.0,202404.47,7,0.45857418
GSM1594604,GSM1594604,43799,0.0,202941.31,9,0.5417297
GSM1594605,GSM1594605,43799,0.0,201717.2,4,0.5020534
GSM1594606,GSM1594606,43799,0.0,200288.78,1,0.2845666
GSM1594607,GSM1594607,43799,0.0,201060.58,2,0.52592826
GSM1594608,GSM1594608,43799,0.0,199685.11,13,0.52962524
GSM1594609,GSM1594609,43799,0.0,202269.81,1,0.4050327
GSM1594610,GSM1594610,43799,0.0,200736.38,4,0.48417687
GSM1594611,GSM1594611,43799,0.0,200970.11,6,0.38893437
GSM1594612,GSM1594612,43799,0.0,203423.55,8,0.21886218
GSM1594613,GSM1594613,43799,0.0,204461.48,12,0.40934587
GSM1594614,GSM1594614,43799,0.0,202916.53,12,0.556502
GSM1594615,GSM1594615,43799,0.0,200121.72,8,0.2735786
GSM1594616,GSM1594616,43799,0.0,200025.38,12,0.5465576
GSM1594617,GSM1594617,43799,0.0,200655.31,0,0.17473663
GSM1594618,GSM1594618,43799,0.0,201976.06,0,0.2918353
GSM1594619,GSM1594619,43799,0.0,201179.53,11,0.5065281
GSM1594620,GSM1594620,43799,0.0,200756.98,4,0.5120314
GSM1594621,GSM1594621,43799,0.0,201800.95,13,0.51640147
GSM1594622,GSM1594622,43799,0.0,200600.95,4,0.5080064
GSM1594623,GSM1594623,43799,0.0,200696.22,11,0.4419307
GSM1594624,GSM1594624,43799,0.0,200796.05,4,0.5108793
GSM1594625,GSM1594625,43799,0.0,201011.08,2,0.532041
GSM1594626,GSM1594626,43799,0.0,198804.0,0,0.44104472
GSM1594627,GSM1594627,43799,0.0,200194.11,2,0.5349063
GSM1594628,GSM1594628,43799,0.0,200254.81,4,0.50827765
GSM1594629,GSM1594629,43799,0.0,200896.7,2,0.47942036
GSM1594630,GSM1594630,43799,0.0,201661.02,9,0.5502425
GSM1594631,GSM1594631,43799,0.0,198939.77,2,0.5311731
GSM1594632,GSM1594632,43799,0.0,202078.33,9,0.5425236
GSM1594633,GSM1594633,43799,0.0,200000.23,6,0.38665912
GSM1594634,GSM1594634,43799,0.0,201833.17,10,0.49104458
GSM1594635,GSM1594635,43799,0.0,201353.58,4,0.20979813
GSM1594636,GSM1594636,43799,0.0,200520.02,1,0.219543
GSM1594637,GSM1594637,43799,0.0,201078.89,7,0.3920934
GSM1594638,GSM1594638,43799,0.0,198970.72,1,0.45987767
GSM1594639,GSM1594639,43799,0.0,200591.33,8,0.25657427
GSM1594640,GSM1594640,43799,0.0,201316.03,5,0.34285375
GSM1594641,GSM1594641,43799,0.0,200796.1,1,0.4223615
GSM1594642,GSM1594642,43799,0.0,200563.19,13,0.31770742
GSM1594643,GSM1594643,43799,0.0,201331.67,5,0.45441058
GSM1594644,GSM1594644,43799,0.0,197894.38,12,0.2965992
GSM1594645,GSM1594645,43799,0.0,198456.31,6,0.45606312
GSM1594646,GSM1594646,43799,0.0,200691.56,3,0.505954
GSM1594647,GSM1594647,43799,0.0,200970.62,1,0.22924034
GSM1594648,GSM1594648,43799,0.0,197929.8,8,0.5297094
GSM1594649,GSM1594649,43799,0.0,200981.9,12,0.5463765
GSM1594650,GSM1594650,43799,0.0,204413.88,12,0.4111638
GSM1594651,GSM1594651,43799,0.0,201128.73,0,0.3803043
GSM1594652,GSM1594652,43799,0.0,201428.17,0,0.4545055
GSM1594653,GSM1594653,43799,0.0,202980.53,0,0.26161328
GSM1594654,GSM1594654,43799,0.0,201885.62,7,0.4026589
GSM1594655,GSM1594655,43799,0.0,202583.11,3,0.43440175
GSM1594656,GSM1594656,43799,0.0,200624.75,3,0.49722132
GSM1594657,GSM1594657,43799,0.0,203942.4,10,0.46846294
GSM1594658,GSM1594658,43799,0.0,202941.38,3,0.43442962
GSM1594659,GSM1594659,43799,0.0,200161.53,0,0.23941323
GSM1594660,GSM1594660,43799,0.0,202345.45,7,0.33612955
GSM1594661,GSM1594661,43799,0.0,199048.05,8,0.5313493
GSM1594662,GSM1594662,43799,0.0,204199.55,7,0.44432974
GSM1594663,GSM1594663,43799,0.0,201167.33,1,0.20947985
GSM1594664,GSM1594664,43799,0.0,202801.5,1,0.38433772
GSM1594665,GSM1594665,43799,0.0,200981.92,9,0.55447084
GSM1594666,GSM1594666,43799,0.0,201208.67,2,0.5129826
GSM1594667,GSM1594667,43799,0.0,200523.89,4,0.4872563
GSM1594668,GSM1594668,43799,0.0,198573.16,11,0.5397536
GSM1594669,GSM1594669,43799,0.0,199653.03,4,0.5089658
GSM1594670,GSM1594670,43799,0.0,201816.5,4,0.50136554
GSM1594671,GSM1594671,43799,0.0,198979.3,11,0.3534027
GSM1594672,GSM1594672,43799,0.0,199585.05,8,0.49124655
GSM1594673,GSM1594673,43799,0.0,199218.06,5,0.5231827
GSM1594674,GSM1594674,43799,0.0,198470.6,6,0.21622244
GSM1594675,GSM1594675,43799,0.0,199808.75,1,0.3740559
GSM1594676,GSM1594676,43799,0.0,199565.95,8,0.49954998
GSM1594677,GSM1594677,43799,0.0,199435.78,11,0.525845
GSM1594678,GSM1594678,43799,0.0,200730.03,5,0.30152348
GSM1594679,GSM1594679,43799,0.0,200608.72,4,0.51140803
GSM1594680,GSM1594680,43799,0.0,201399.06,9,0.55728656
GSM1594681,GSM1594681,43799,0.0,201237.77,9,0.55801237
GSM1594682,GSM1594682,43799,0.0,200036.92,2,0.5344152
GSM1594683,GSM1594683,43799,0.0,201150.39,0,0.43291834
GSM1594684,GSM1594684,43799,0.0,199755.47,8,0.5335188
GSM1594685,GSM1594685,43799,0.0,201495.69,3,0.3373635
GSM1594686,GSM1594686,43799,0.0,202481.5,9,0.555929
GSM1594687,GSM1594687,43799,0.0,201247.98,9,0.55524284
GSM1594688,GSM1594688,43799,0.0,201836.34,2,0.53509754
GSM1594689,GSM1594689,43799,0.0,200398.8,5,0.47221193
GSM1594690,GSM1594690,43799,0.0,200280.2,6,0.33292395
GSM1594691,GSM1594691,43799,0.0,200834.7,2,0.5354818
GSM1594692,GSM1594692,43799,0.0,202201.3,4,0.5118865
GSM1594693,GSM1594693,43799,0.0,199239.12,0,0.15455523
GSM1594694,GSM1594694,43799,0.0,199492.42,4,0.50218266
GSM1594695,GSM1594695,43799,0.0,200717.06,2,0.53424567
GSM1594696,GSM1594696,43799,0.0,199625.73,4,0.5095272
GSM1594697,GSM1594697,43799,0.0,200024.34,5,0.5246527
GSM1594698,GSM1594698,43799,0.0,201931.73,2,0.5346073
GSM1594699,GSM1594699,43799,0.0,201622.14,9,0.5537221
GSM1594700,GSM1594700,43799,0.0,201336.11,2,0.5349318
GSM1594701,GSM1594701,43799,0.0,200552.58,2,0.31830007
GSM1594702,GSM1594702,43799,0.0,199872.48,2,0.32869554
GSM1594703,GSM1594703,43799,0.0,201070.86,2,0.32884094
GSM1594704,GSM1594704,43799,0.0,197947.88,2,0.53499776
GSM1594705,GSM1594705,43799,0.0,198227.52,8,0.1862015
GSM1594706,GSM1594706,43799,0.0,201670.12,9,0.5363808
GSM1594707,GSM1594707,43799,0.0,202178.38,9,0.53973556
GSM1594708,GSM1594708,43799,0.0,202034.66,9,0.5360493
GSM1594709,GSM1594709,43799,0.0,201554.16,9,0.5453309
GSM1594710,GSM1594710,43799,0.0,201144.44,2,0.48494226
GSM1594711,GSM1594711,43799,0.0,201414.8,2,0.270544
GSM1594712,GSM1594712,43799,0.0,201122.14,4,0.511165
GSM1594713,GSM1594713,43799,0.0,200310.72,0,0.45367754
GSM1594714,GSM1594714,43799,0.0,201885.16,4,0.50513536
GSM1594715,GSM1594715,43799,0.0,201789.64,2,0.5335519
GSM1594716,GSM1594716,43799,0.0,201304.67,5,0.5220239
GSM1594717,GSM1594717,43799,0.0,203949.77,4,0.50723374
GSM1594718,GSM1594718,43799,0.0,200975.6,6,0.3952398
GSM1594719,GSM1594719,43799,0.0,202724.86,4,0.5106184
GSM1594720,GSM1594720,43799,0.0,201463.72,4,0.50458694
GSM1594721,GSM1594721,43799,0.0,202626.16,5,0.51863104
GSM1594722,GSM1594722,43799,0.0,202960.6,9,0.5647303
GSM1594723,GSM1594723,43799,0.0,202400.89,9,0.37441635
GSM1594724,GSM1594724,43799,0.0,199366.66,11,0.3558992
GSM1594725,GSM1594725,43799,0.0,201705.62,2,0.47831076
GSM1594726,GSM1594726,43799,0.0,202117.58,2,0.5340726
GSM1594727,GSM1594727,43799,0.0,202324.8,2,0.3349619
GSM1594728,GSM1594728,43799,0.0,203704.44,9,0.53823876
GSM1594729,GSM1594729,43799,0.0,200472.66,6,0.32315028
GSM1594730,GSM1594730,43799,0.0,202532.5,2,0.4018364
GSM1594731,GSM1594731,43799,0.0,203215.3,2,0.34170946
GSM1594732,GSM1594732,43799,0.0,201474.53,4,0.5096861
GSM1594733,GSM1594733,43799,0.0,202340.47,2,0.5357644
GSM1594734,GSM1594734,43799,0.0,201638.19,4,0.50158435
GSM1594735,GSM1594735,43799,0.0,202929.97,0,0.4447511
GSM1594736,GSM1594736,43799,0.0,206263.89,0,0.40293375
GSM1594737,GSM1594737,43799,0.0,202572.77,2,0.5353074
GSM1594738,GSM1594738,43799,0.0,200764.14,2,0.40809575
GSM1594739,GSM1594739,43799,0.0,199919.7,8,0.55526924
GSM1594740,GSM1594740,43799,0.0,202803.27,9,0.54049444
GSM1594741,GSM1594741,43799,0.0,200355.39,6,0.46715122
GSM1594742,GSM1594742,43799,0.0,202368.88,9,0.55419004
GSM1594743,GSM1594743,43799,0.0,200721.9,2,0.53296727
GSM1594744,GSM1594744,43799,0.0,201028.14,5,0.5248361
GSM1594745,GSM1594745,43799,0.0,201958.34,5,0.47867283
GSM1594746,GSM1594746,43799,0.0,201953.17,9,0.5591593
GSM1594747,GSM1594747,43799,0.0,199944.58,0,0.43784934
GSM1594748,GSM1594748,43799,0.0,202156.77,2,0.5338383
GSM1594749,GSM1594749,43799,0.0,201064.02,5,0.44716755
GSM1594750,GSM1594750,43799,0.0,200368.14,4,0.50270724
GSM1594751,GSM1594751,43799,0.0,203698.94,9,0.5535508
GSM1594752,GSM1594752,43799,0.0,202586.16,2,0.32441434
GSM1594753,GSM1594753,43799,0.0,202780.36,9,0.55229455
GSM1594754,GSM1594754,43799,0.0,201697.12,2,0.5033793
GSM1594755,GSM1594755,43799,0.0,203365.88,9,0.55063117
GSM1594756,GSM1594756,43799,0.0,201687.61,13,0.5305376
GSM1594757,GSM1594757,43799,0.0,200120.72,11,0.3520122
GSM1594758,GSM1594758,43799,0.0,201311.39,2,0.53413075
GSM1594759,GSM1594759,43799,0.0,200773.77,4,0.511223
GSM1594760,GSM1594760,43799,0.0,199623.58,4,0.5110911
GSM1594761,GSM1594761,43799,0.0,199535.47,11,0.35308322
GSM1594762,GSM1594762,43799,0.0,201153.1,8,0.26058918
GSM1594763,GSM1594763,43799,0.0,201358.9,6,0.5311954
GSM1594764,GSM1594764,43799,0.0,201651.7,6,0.36742473
GSM1594765,GSM1594765,43799,0.0,202087.66,1,0.36907095
GSM1594766,GSM1594766,43799,0.0,203007.9,1,0.3974879
GSM1594767,GSM1594767,43799,0.0,201195.77,4,0.28309727
GSM1594768,GSM1594768,43799,0.0,201156.8,3,0.35240987
GSM1594769,GSM1594769,43799,0.0,202010.03,1,0.39875793
GSM1594770,GSM1594770,43799,0.0,203002.2,1,0.3670969
GSM1594771,GSM1594771,43799,0.0,202013.81,0,0.37955305
GSM1594772,GSM1594772,43799,0.0,203371.06,10,0.48495945
GSM1594773,GSM1594773,43799,0.0,202098.36,13,0.53103495
GSM1594774,GSM1594774,43799,0.0,200000.78,13,0.5314997
GSM1594775,GSM1594775,43799,0.0,200568.6,8,0.5445182
GSM1594776,GSM1594776,43799,0.0,205592.14,3,0.45400116
GSM1594777,GSM1594777,43799,0.0,206050.8,12,0.41035914
GSM1594778,GSM1594778,43799,0.0,205493.12,3,0.28652814
GSM1594779,GSM1594779,43799,0.0,206746.28,3,0.19582567
GSM1594780,GSM1594780,43799,0.0,205705.61,12,0.5509131
GSM1594781,GSM1594781,43799,0.0,206102.9,12,0.41116232
GSM1594782,GSM1594782,43799,0.0,200797.55,0,0.4535917
GSM1594783,GSM1594783,43799,0.0,203456.12,7,0.47741738
GSM1594784,GSM1594784,43799,0.0,201296.75,1,0.44488013
GSM1594785,GSM1594785,43799,0.0,201164.61,5,0.3706271
GSM1594786,GSM1594786,43799,0.0,201203.5,7,0.4167432
GSM1594787,GSM1594787,43799,0.0,200097.34,4,0.5115534
GSM1594788,GSM1594788,43799,0.0,202562.12,3,0.25428244
GSM1594789,GSM1594789,43799,0.0,202595.36,3,0.34236437
GSM1594790,GSM1594790,43799,0.0,201041.81,1,0.41757774
GSM1594791,GSM1594791,43799,0.0,201191.12,10,0.5100911
GSM1594792,GSM1594792,43799,0.0,202166.22,6,0.3663601
GSM1594793,GSM1594793,43799,0.0,201484.05,0,0.37919292
GSM1594794,GSM1594794,43799,0.0,202859.44,10,0.524113
GSM1594795,GSM1594795,43799,0.0,202116.56,10,0.3706904
GSM1594796,GSM1594796,43799,0.0,202061.34,13,0.23582107
GSM1594797,GSM1594797,43799,0.0,201291.78,6,0.41227096
GSM1594798,GSM1594798,43799,0.0,202951.94,1,0.40359032
GSM1594799,GSM1594799,43799,0.0,202119.44,7,0.49938652
GSM1594800,GSM1594800,43799,0.0,200433.16,8,0.53014535
GSM1594801,GSM1594801,43799,0.0,199923.25,0,0.4265514
GSM1594802,GSM1594802,43799,0.0,201036.17,1,0.42988926
GSM1594803,GSM1594803,43799,0.0,201955.05,10,0.50502145
GSM1594804,GSM1594804,43799,0.0,202517.22,1,0.44863942
GSM1594805,GSM1594805,43799,0.0,200452.33,5,0.44387427
GSM1594806,GSM1594806,43799,0.0,200287.28,1,0.44954932
GSM1594807,GSM1594807,43799,0.0,201507.92,10,0.52301997
GSM1594808,GSM1594808,43799,0.0,202363.2,1,0.46054024
GSM1594809,GSM1594809,43799,0.0,202033.08,10,0.49432257
GSM1594810,GSM1594810,43799,0.0,203388.27,3,0.33573908
GSM1594811,GSM1594811,43799,0.0,203093.38,1,0.36145097
GSM1594812,GSM1594812,43799,0.0,202710.38,4,0.4775865
GSM1594813,GSM1594813,43799,0.0,198705.92,8,0.5582003
GSM1594814,GSM1594814,43799,0.0,199942.98,0,0.389981
GSM1594815,GSM1594815,43799,0.0,201265.2,7,0.27593705
GSM1594816,GSM1594816,43799,0.0,201028.75,6,0.46592602
GSM1594817,GSM1594817,43799,0.0,200082.2,6,0.23105386
GSM1594818,GSM1594818,43799,0.0,198534.4,0,0.4178578
GSM1594819,GSM1594819,43799,0.0,202607.58,2,0.5207969
GSM1594820,GSM1594820,43799,0.0,201261.9,5,0.3704388
GSM1594821,GSM1594821,43799,0.0,199904.92,8,0.53552115
GSM1594822,GSM1594822,43799,0.0,201126.2,3,0.1641355
GSM1594823,GSM1594823,43799,0.0,200597.34,6,0.5160554
GSM1594824,GSM1594824,43799,0.0,200206.1,2,0.3147085
GSM1594825,GSM1594825,43799,0.0,199459.84,8,0.49231067
GSM1594826,GSM1594826,43799,0.0,200078.47,5,0.5257411
GSM1594827,GSM1594827,43799,0.0,204567.94,4,0.50948817
GSM1594828,GSM1594828,43799,0.0,202570.55,2,0.535328
GSM1594829,GSM1594829,43799,0.0,201165.56,2,0.5333045
GSM1594830,GSM1594830,43799,0.0,202438.17,9,0.561917
GSM1594831,GSM1594831,43799,0.0,201766.03,4,0.50905126
GSM1594832,GSM1594832,43799,0.0,202690.66,1,0.4665416
GSM1594833,GSM1594833,43799,0.0,206004.47,10,0.5184915
GSM1594834,GSM1594834,43799,0.0,200788.39,5,0.5187006
GSM1594835,GSM1594835,43799,0.0,200666.17,4,0.50737435
GSM1594836,GSM1594836,43799,0.0,199224.86,11,0.49344546
GSM1594837,GSM1594837,43799,0.0,199551.39,4,0.5083138
GSM1594838,GSM1594838,43799,0.0,200112.88,13,0.52336615
GSM1594839,GSM1594839,43799,0.0,199673.36,6,0.14898588
GSM1594840,GSM1594840,43799,0.0,201266.31,4,0.5096611
GSM1594841,GSM1594841,43799,0.0,202388.75,9,0.55228907
GSM1594842,GSM1594842,43799,0.0,199751.22,4,0.51117957
GSM1594843,GSM1594843,43799,0.0,201686.95,9,0.55225706
GSM1594844,GSM1594844,43799,0.0,200731.17,9,0.5253048
GSM1594845,GSM1594845,43799,0.0,199595.23,1,0.37715253
GSM1594846,GSM1594846,43799,0.0,199801.94,2,0.53013337
GSM1594847,GSM1594847,43799,0.0,199774.58,4,0.5089126
GSM1594848,GSM1594848,43799,0.0,199456.22,2,0.5296109
GSM1594849,GSM1594849,43799,0.0,197934.95,5,0.5144139
GSM1594850,GSM1594850,43799,0.0,199699.78,5,0.51958746
GSM1594851,GSM1594851,43799,0.0,198303.92,13,0.5309373
GSM1594852,GSM1594852,43799,0.0,198527.72,2,0.53336495
GSM1594853,GSM1594853,43799,0.0,199673.58,5,0.2760969
GSM1594854,GSM1594854,43799,0.0,197538.05,2,0.53558683
GSM1594855,GSM1594855,43799,0.0,200638.44,9,0.5505984
GSM1594856,GSM1594856,43799,0.0,201238.97,2,0.5188307
GSM1594857,GSM1594857,43799,0.0,199781.39,2,0.5325972
GSM1594858,GSM1594858,43799,0.0,199006.53,5,0.2774291
GSM1594859,GSM1594859,43799,0.0,199290.31,5,0.5177181
GSM1594860,GSM1594860,43799,0.0,199530.08,2,0.5323118
GSM1594861,GSM1594861,43799,0.0,200479.77,9,0.5491497
GSM1594862,GSM1594862,43799,0.0,198954.7,4,0.51067686
GSM1594863,GSM1594863,43799,0.0,199144.22,9,0.5475394
GSM1594864,GSM1594864,43799,0.0,200709.58,4,0.507863
GSM1594865,GSM1594865,43799,0.0,201717.23,9,0.5708198
GSM1594866,GSM1594866,43799,0.0,199405.47,4,0.51022583
GSM1594867,GSM1594867,43799,0.0,199257.33,2,0.5289786
GSM1594868,GSM1594868,43799,0.0,199879.98,2,0.52732927
GSM1594869,GSM1594869,43799,0.0,199131.19,2,0.5346479
GSM1594870,GSM1594870,43799,0.0,199883.39,2,0.5340998
GSM1594871,GSM1594871,43799,0.0,203500.38,3,0.43546456
GSM1594872,GSM1594872,43799,0.0,202964.23,7,0.44692734
GSM1594873,GSM1594873,43799,0.0,202077.89,3,0.43586728
GSM1594874,GSM1594874,43799,0.0,201637.39,4,0.5079852
GSM1594875,GSM1594875,43799,0.0,200760.92,6,0.19681701
GSM1594876,GSM1594876,43799,0.0,200690.53,5,0.4957839
GSM1594877,GSM1594877,43799,0.0,203501.31,2,0.46425596
GSM1594878,GSM1594878,43799,0.0,203122.61,2,0.5344135
GSM1594879,GSM1594879,43799,0.0,201172.52,6,0.36093718
GSM1594880,GSM1594880,43799,0.0,201398.55,6,0.4550544
GSM1594881,GSM1594881,43799,0.0,203423.05,9,0.57021743
GSM1594882,GSM1594882,43799,0.0,204032.53,2,0.53467214
GSM1594883,GSM1594883,43799,0.0,202896.73,2,0.5333632
GSM1594884,GSM1594884,43799,0.0,201308.75,4,0.51160604
GSM1594885,GSM1594885,43799,0.0,201091.16,2,0.53315485
GSM1594886,GSM1594886,43799,0.0,200929.73,2,0.5327961
GSM1594887,GSM1594887,43799,0.0,201218.77,5,0.50907403
GSM1594888,GSM1594888,43799,0.0,199567.3,1,0.41809466
GSM1594889,GSM1594889,43799,0.0,199928.7,5,0.5183813
GSM1594890,GSM1594890,43799,0.0,202966.67,9,0.545322
GSM1594891,GSM1594891,43799,0.0,199665.08,6,0.15707721
GSM1594892,GSM1594892,43799,0.0,201297.84,0,0.29219913
GSM1594893,GSM1594893,43799,0.0,201291.7,2,0.5332804
GSM1594894,GSM1594894,43799,0.0,200537.38,5,0.5198602
GSM1594895,GSM1594895,43799,0.0,201440.38,2,0.5356323
GSM1594896,GSM1594896,43799,0.0,199399.95,6,0.38670915
GSM1594897,GSM1594897,43799,0.0,201075.03,9,0.5520852
GSM1594898,GSM1594898,43799,0.0,201552.2,4,0.4987402
GSM1594899,GSM1594899,43799,0.0,200837.34,1,0.45748463
GSM1594900,GSM1594900,43799,0.0,199900.9,2,0.5329403
GSM1594901,GSM1594901,43799,0.0,201744.95,9,0.5602801
GSM1594902,GSM1594902,43799,0.0,201764.27,7,0.27051586
GSM1594903,GSM1594903,43799,0.0,200057.62,6,0.4035125
GSM1594904,GSM1594904,43799,0.0,199695.16,5,0.52420366
GSM1594905,GSM1594905,43799,0.0,200880.19,13,0.52662057
GSM1594906,GSM1594906,43799,0.0,202183.69,3,0.51488477
GSM1594907,GSM1594907,43799,0.0,200471.14,3,0.4391965
GSM1594908,GSM1594908,43799,0.0,202139.11,9,0.5548275
GSM1594909,GSM1594909,43799,0.0,200406.64,4,0.5088613
GSM1594910,GSM1594910,43799,0.0,202973.61,2,0.53338766
GSM1594911,GSM1594911,43799,0.0,200871.7,10,0.5175354
GSM1594912,GSM1594912,43799,0.0,200213.19,6,0.39335713
GSM1594913,GSM1594913,43799,0.0,201294.98,3,0.43685004
GSM1594914,GSM1594914,43799,0.0,201201.64,1,0.2614557
GSM1594915,GSM1594915,43799,0.0,201715.92,10,0.5008352
GSM1594916,GSM1594916,43799,0.0,197559.05,8,0.23445167
GSM1594917,GSM1594917,43799,0.0,200316.98,6,0.52605903
GSM1594918,GSM1594918,43799,0.0,202326.88,1,0.44938263
GSM1594919,GSM1594919,43799,0.0,200653.14,3,0.43591967
GSM1594920,GSM1594920,43799,0.0,202189.17,10,0.5203322
GSM1594921,GSM1594921,43799,0.0,198252.34,8,0.53074473
GSM1594922,GSM1594922,43799,0.0,200123.14,7,0.31850335
GSM1594923,GSM1594923,43799,0.0,200666.83,1,0.4338184
GSM1594924,GSM1594924,43799,0.0,202027.78,4,0.35948968
GSM1594925,GSM1594925,43799,0.0,201779.52,1,0.32666212
GSM1594926,GSM1594926,43799,0.0,201335.47,3,0.47880396
GSM1594927,GSM1594927,43799,0.0,201402.42,2,0.5328422
GSM1594928,GSM1594928,43799,0.0,201452.89,5,0.37910357
GSM1594929,GSM1594929,43799,0.0,201549.3,7,0.4820843
GSM1594930,GSM1594930,43799,0.0,200357.64,6,0.38679954
GSM1594931,GSM1594931,43799,0.0,199519.2,3,0.44213977
GSM1594932,GSM1594932,43799,0.0,202446.28,3,0.24091297
GSM1594933,GSM1594933,43799,0.0,203036.19,3,0.25566766
GSM1594934,GSM1594934,43799,0.0,204526.67,10,0.362758
GSM1594935,GSM1594935,43799,0.0,204110.61,12,0.5604536
GSM1594936,GSM1594936,43799,0.0,203221.48,3,0.5308746
GSM1594937,GSM1594937,43799,0.0,201093.05,0,0.26178217
GSM1594938,GSM1594938,43799,0.0,199906.22,8,0.5311062
GSM1594939,GSM1594939,43799,0.0,200172.38,6,0.5225727
GSM1594940,GSM1594940,43799,0.0,199603.9,0,0.4604104
GSM1594941,GSM1594941,43799,0.0,201579.66,1,0.455238
GSM1594942,GSM1594942,43799,0.0,200157.97,6,0.39232633
GSM1594943,GSM1594943,43799,0.0,198899.92,8,0.27921557
GSM1594944,GSM1594944,43799,0.0,199106.97,11,0.2749612
GSM1594945,GSM1594945,43799,0.0,199523.64,0,0.36397386
GSM1594946,GSM1594946,43799,0.0,202182.97,10,0.524359
GSM1594947,GSM1594947,43799,0.0,199181.38,0,0.42203954
GSM1594948,GSM1594948,43799,0.0,201310.47,10,0.44557276
GSM1594949,GSM1594949,43799,0.0,202866.47,10,0.4796652
GSM1594950,GSM1594950,43799,0.0,201206.55,0,0.41998333
GSM1594951,GSM1594951,43799,0.0,202173.8,10,0.4791689
GSM1594952,GSM1594952,43799,0.0,201999.62,3,0.3209864
GSM1594953,GSM1594953,43799,0.0,201340.02,12,0.54596233
GSM1594954,GSM1594954,43799,0.0,201510.27,3,0.49077755
GSM1594955,GSM1594955,43799,0.0,201898.23,3,0.441994
GSM1594956,GSM1594956,43799,0.0,202794.84,10,0.52306455
GSM1594957,GSM1594957,43799,0.0,202541.06,3,0.53171927
GSM1594958,GSM1594958,43799,0.0,203014.98,12,0.41147795
GSM1594959,GSM1594959,43799,0.0,202490.73,3,0.34169993
GSM1594960,GSM1594960,43799,0.0,200522.28,12,0.55191755
GSM1594961,GSM1594961,43799,0.0,203962.34,12,0.4113148
GSM1594962,GSM1594962,43799,0.0,203007.75,3,0.4880559
GSM1594963,GSM1594963,43799,0.0,201803.73,3,0.44901165
GSM1594964,GSM1594964,43799,0.0,202126.66,3,0.48034948
GSM1594965,GSM1594965,43799,0.0,201964.48,6,0.46603468
GSM1594966,GSM1594966,43799,0.0,203160.61,10,0.5243709
GSM1594967,GSM1594967,43799,0.0,201499.36,10,0.52501136
GSM1594968,GSM1594968,43799,0.0,203298.72,10,0.5431069
GSM1594969,GSM1594969,43799,0.0,202541.06,6,0.36554822
GSM1594970,GSM1594970,43799,0.0,201033.61,6,0.36610532
GSM1594971,GSM1594971,43799,0.0,200822.12,10,0.5417808
GSM1594972,GSM1594972,43799,0.0,201050.48,6,0.46757066
GSM1594973,GSM1594973,43799,0.0,203274.8,3,0.4380433
GSM1594974,GSM1594974,43799,0.0,202327.69,0,0.31176603
GSM1594975,GSM1594975,43799,0.0,201250.86,4,0.30683666
GSM1594976,GSM1594976,43799,0.0,201904.08,10,0.5244176
GSM1594977,GSM1594977,43799,0.0,200155.78,8,0.23875399
GSM1594978,GSM1594978,43799,0.0,203804.67,12,0.40572295
GSM1594979,GSM1594979,43799,0.0,204215.38,12,0.5462852
GSM1594980,GSM1594980,43799,0.0,205818.73,1,0.36299086
GSM1594981,GSM1594981,43799,0.0,203498.89,10,0.5106668
GSM1594982,GSM1594982,43799,0.0,201085.45,0,0.4541054
GSM1594983,GSM1594983,43799,0.0,201054.42,0,0.47443134
GSM1594984,GSM1594984,43799,0.0,204539.52,12,0.54622805
GSM1594985,GSM1594985,43799,0.0,202071.08,10,0.5213416
GSM1594986,GSM1594986,43799,0.0,201466.84,6,0.31861052
GSM1594987,GSM1594987,43799,0.0,201024.19,8,0.5291033
GSM1594988,GSM1594988,43799,0.0,203627.22,6,0.5302858
GSM1594989,GSM1594989,43799,0.0,201992.75,12,0.5655007
GSM1594990,GSM1594990,43799,0.0,200805.75,13,0.3385986
GSM1594991,GSM1594991,43799,0.0,202578.0,10,0.4790939
GSM1594992,GSM1594992,43799,0.0,202226.58,1,0.43551695
GSM1594993,GSM1594993,43799,0.0,202819.75,0,0.2495576
GSM1594994,GSM1594994,43799,0.0,200654.66,12,0.5832222
GSM1594995,GSM1594995,43799,0.0,202186.95,10,0.54427695
GSM1594996,GSM1594996,43799,0.0,197849.94,12,0.20403652
GSM1594997,GSM1594997,43799,0.0,200788.44,6,0.46457684
GSM1594998,GSM1594998,43799,0.0,198968.78,12,0.55331874
GSM1594999,GSM1594999,43799,0.0,201945.9,3,0.44295213
GSM1595000,GSM1595000,43799,0.0,202871.28,3,0.47865972
GSM1595001,GSM1595001,43799,0.0,201272.05,3,0.4523879
GSM1595002,GSM1595002,43799,0.0,201404.16,5,0.47400808
GSM1595003,GSM1595003,43799,0.0,203228.6,10,0.5022485
GSM1595004,GSM1595004,43799,0.0,200940.31,8,0.18375777
GSM1595005,GSM1595005,43799,0.0,200409.25,13,0.53077954
GSM1595006,GSM1595006,43799,0.0,202061.95,3,0.16129033
GSM1595007,GSM1595007,43799,0.0,200099.31,12,0.33718786
GSM1595008,GSM1595008,43799,0.0,202742.67,10,0.4769962
GSM1595009,GSM1595009,43799,0.0,202296.83,4,0.36089334
GSM1595010,GSM1595010,43799,0.0,202701.38,4,0.5118206
GSM1595011,GSM1595011,43799,0.0,202885.5,0,0.19517955
GSM1595012,GSM1595012,43799,0.0,202218.53,0,0.29085445
GSM1595013,GSM1595013,43799,0.0,204723.8,3,0.46967503
GSM1595014,GSM1595014,43799,0.0,204637.88,10,0.5235292
GSM1595015,GSM1595015,43799,0.0,200725.5,0,0.46206692
GSM1595016,GSM1595016,43799,0.0,204956.94,3,0.3537972
GSM1595017,GSM1595017,43799,0.0,203582.75,10,0.47747752
GSM1595018,GSM1595018,43799,0.0,202588.34,3,0.36377135
GSM1595019,GSM1595019,43799,0.0,200948.62,4,0.50385344
GSM1595020,GSM1595020,43799,0.0,203969.44,10,0.4707906
GSM1595021,GSM1595021,43799,0.0,201873.53,3,0.25773552
GSM1595022,GSM1595022,43799,0.0,203094.8,7,0.48767093
GSM1595023,GSM1595023,43799,0.0,200623.02,0,0.4233171
GSM1595024,GSM1595024,43799,0.0,201429.55,13,0.52350664
GSM1595025,GSM1595025,43799,0.0,201893.22,4,0.51149124
GSM1595026,GSM1595026,43799,0.0,201128.89,0,0.3741963
GSM1595027,GSM1595027,43799,0.0,201989.95,6,0.52957207
GSM1595028,GSM1595028,43799,0.0,203544.7,10,0.52235657
GSM1595029,GSM1595029,43799,0.0,202042.31,3,0.4372741
GSM1595030,GSM1595030,43799,0.0,201039.81,1,0.44440407
GSM1595031,GSM1595031,43799,0.0,202984.89,12,0.54643214
GSM1595032,GSM1595032,43799,0.0,202356.78,3,0.43647146
GSM1595033,GSM1595033,43799,0.0,199672.52,11,0.54200464
GSM1595034,GSM1595034,43799,0.0,203550.38,3,0.49730715
GSM1595035,GSM1595035,43799,0.0,200791.44,11,0.21807185
GSM1595036,GSM1595036,43799,0.0,200284.73,0,0.4128755
GSM1595037,GSM1595037,43799,0.0,201478.19,3,0.52799934
GSM1595038,GSM1595038,43799,0.0,200212.4,0,0.42884097
GSM1595039,GSM1595039,43799,0.0,201522.61,1,0.38586327
GSM1595040,GSM1595040,43799,0.0,202706.66,4,0.51035225
GSM1595041,GSM1595041,43799,0.0,201044.44,0,0.3691453
GSM1595042,GSM1595042,43799,0.0,201694.7,3,0.35589302
GSM1595043,GSM1595043,43799,0.0,201593.33,0,0.42141047
GSM1595044,GSM1595044,43799,0.0,201542.12,0,0.44175485
GSM1595045,GSM1595045,43799,0.0,201004.66,0,0.39020112
GSM1595046,GSM1595046,43799,0.0,202649.28,1,0.46363354
GSM1595047,GSM1595047,43799,0.0,201220.7,12,0.5461762
GSM1595048,GSM1595048,43799,0.0,202535.78,0,0.25688666
GSM1595049,GSM1595049,43799,0.0,203064.14,3,0.25204334
GSM1595050,GSM1595050,43799,0.0,200806.72,6,0.45775437
GSM1595051,GSM1595051,43799,0.0,201396.7,12,0.3312425
GSM1595052,GSM1595052,43799,0.0,203727.7,7,0.31217873
GSM1595053,GSM1595053,43799,0.0,203110.69,1,0.36709046
GSM1595054,GSM1595054,43799,0.0,200270.42,11,0.21874642
GSM1595055,GSM1595055,43799,0.0,201041.14,1,0.4180744
GSM1595056,GSM1595056,43799,0.0,201786.33,6,0.52287734
GSM1595057,GSM1595057,43799,0.0,200916.39,0,0.3650122
GSM1595058,GSM1595058,43799,0.0,201130.66,5,0.35809854
GSM1595059,GSM1595059,43799,0.0,201677.61,1,0.26601073
GSM1595060,GSM1595060,43799,0.0,200989.75,13,0.52840185
GSM1595061,GSM1595061,43799,0.0,200412.8,0,0.4356689
GSM1595062,GSM1595062,43799,0.0,201172.47,6,0.49558252
GSM1595063,GSM1595063,43799,0.0,201886.9,0,0.24975073
GSM1595064,GSM1595064,43799,0.0,200781.16,0,0.37712494
GSM1595065,GSM1595065,43799,0.0,203054.56,10,0.4202716
GSM1595066,GSM1595066,43799,0.0,201455.61,1,0.2652165
GSM1595067,GSM1595067,43799,0.0,198633.11,12,0.20394932
GSM1595068,GSM1595068,43799,0.0,199529.05,6,0.24419376
GSM1595069,GSM1595069,43799,0.0,200585.19,10,0.5078406
GSM1595070,GSM1595070,43799,0.0,202225.81,1,0.38918102
GSM1595071,GSM1595071,43799,0.0,202120.69,1,0.34629032
GSM1595072,GSM1595072,43799,0.0,202144.47,10,0.4465382
GSM1595073,GSM1595073,43799,0.0,199544.03,6,0.51402944
GSM1595074,GSM1595074,43799,0.0,201478.7,3,0.48788476
GSM1595075,GSM1595075,43799,0.0,201125.58,6,0.3622824
GSM1595076,GSM1595076,43799,0.0,202374.27,10,0.52420306
GSM1595077,GSM1595077,43799,0.0,203193.1,3,0.25255346
GSM1595078,GSM1595078,43799,0.0,202410.31,12,0.5803806
GSM1595079,GSM1595079,43799,0.0,201686.31,0,0.42542225
GSM1595080,GSM1595080,43799,0.0,201487.86,12,0.56130266
GSM1595081,GSM1595081,43799,0.0,202837.89,3,0.4741806
GSM1595082,GSM1595082,43799,0.0,203723.12,3,0.3808073
GSM1595083,GSM1595083,43799,0.0,201816.48,0,0.4322508
GSM1595084,GSM1595084,43799,0.0,201633.9,6,0.5305368
GSM1595085,GSM1595085,43799,0.0,200761.11,3,0.43283513
GSM1595086,GSM1595086,43799,0.0,202218.16,1,0.4369677
GSM1595087,GSM1595087,43799,0.0,202466.7,10,0.45209548
GSM1595088,GSM1595088,43799,0.0,201391.66,10,0.54365796
GSM1595089,GSM1595089,43799,0.0,200120.48,8,0.5337204
GSM1595090,GSM1595090,43799,0.0,200443.72,6,0.5314284
GSM1595091,GSM1595091,43799,0.0,199788.44,13,0.51493454
GSM1595092,GSM1595092,43799,0.0,200220.62,10,0.521071
GSM1595093,GSM1595093,43799,0.0,199208.77,5,0.35235468
GSM1595094,GSM1595094,43799,0.0,200445.81,1,0.41969657
GSM1595095,GSM1595095,43799,0.0,199593.95,0,0.24269712
GSM1595096,GSM1595096,43799,0.0,198485.55,12,0.21067798
GSM1595097,GSM1595097,43799,0.0,199487.2,0,0.1844673
GSM1595098,GSM1595098,43799,0.0,200139.75,12,0.5696104
GSM1595099,GSM1595099,43799,0.0,199186.92,0,0.3928972
GSM1595100,GSM1595100,43799,0.0,198660.66,0,0.41754368
GSM1595101,GSM1595101,43799,0.0,199987.58,3,0.5055179
GSM1595102,GSM1595102,43799,0.0,200827.78,1,0.28270558
GSM1595103,GSM1595103,43799,0.0,201504.06,13,0.31894782
GSM1595104,GSM1595104,43799,0.0,201338.25,3,0.2900618
GSM1595105,GSM1595105,43799,0.0,201922.33,3,0.45295316
GSM1595106,GSM1595106,43799,0.0,201346.23,1,0.41732848
GSM1595107,GSM1595107,43799,0.0,200016.42,6,0.42571852
GSM1595108,GSM1595108,43799,0.0,200948.2,1,0.35275787
GSM1595109,GSM1595109,43799,0.0,200517.77,0,0.33975238
GSM1595110,GSM1595110,43799,0.0,198925.33,6,0.3824071
GSM1595111,GSM1595111,43799,0.0,200416.75,4,0.4909953
GSM1595112,GSM1595112,43799,0.0,199286.14,13,0.5259095
GSM1595113,GSM1595113,43799,0.0,202286.34,3,0.5307107
GSM1595114,GSM1595114,43799,0.0,201132.81,4,0.50763595
GSM1595115,GSM1595115,43799,0.0,200407.19,6,0.5314051
GSM1595116,GSM1595116,43799,0.0,199419.16,13,0.5254153
GSM1595117,GSM1595117,43799,0.0,202812.7,4,0.5099919
GSM1595118,GSM1595118,43799,0.0,197721.42,12,0.33798853
GSM1595119,GSM1595119,43799,0.0,199244.31,3,0.5008639
GSM1595120,GSM1595120,43799,0.0,203372.97,10,0.46696165
GSM1595121,GSM1595121,43799,0.0,202324.36,10,0.4633421
GSM1595122,GSM1595122,43799,0.0,200203.12,0,0.42340285
GSM1595123,GSM1595123,43799,0.0,200339.9,3,0.5035677
GSM1595124,GSM1595124,43799,0.0,197455.17,8,0.5315478
GSM1595125,GSM1595125,43799,0.0,200847.25,3,0.2826991
GSM1595126,GSM1595126,43799,0.0,197996.2,8,0.5120378
GSM1595127,GSM1595127,43799,0.0,202073.34,10,0.5249064
GSM1595128,GSM1595128,43799,0.0,201002.7,6,0.30064964
GSM1595129,GSM1595129,43799,0.0,202244.89,3,0.43803746
GSM1595130,GSM1595130,43799,0.0,201012.7,3,0.44899994
GSM1595131,GSM1595131,43799,0.0,199786.48,6,0.52496636
GSM1595132,GSM1595132,43799,0.0,202313.19,10,0.52544874
GSM1595133,GSM1595133,43799,0.0,203079.78,10,0.4149921
GSM1595134,GSM1595134,43799,0.0,202682.45,0,0.30751532
GSM1595135,GSM1595135,43799,0.0,201378.2,6,0.45731914
GSM1595136,GSM1595136,43799,0.0,202714.61,10,0.52408427
GSM1595137,GSM1595137,43799,0.0,201689.53,11,0.27642044
GSM1595138,GSM1595138,43799,0.0,199292.53,11,0.30819553
GSM1595139,GSM1595139,43799,0.0,200214.28,3,0.48165885
GSM1595140,GSM1595140,43799,0.0,201150.64,0,0.40262294
GSM1595141,GSM1595141,43799,0.0,201761.3,3,0.4415794
GSM1595142,GSM1595142,43799,0.0,203682.12,10,0.52262294
GSM1595143,GSM1595143,43799,0.0,199940.23,12,0.5463439
GSM1595144,GSM1595144,43799,0.0,202288.03,12,0.54651403
GSM1595145,GSM1595145,43799,0.0,202013.4,7,0.36675557
GSM1595146,GSM1595146,43799,0.0,199841.88,5,0.48001873
GSM1595147,GSM1595147,43799,0.0,201677.06,5,0.49165118
GSM1595148,GSM1595148,43799,0.0,198346.67,11,0.49504554
GSM1595149,GSM1595149,43799,0.0,203240.8,7,0.24705233
GSM1595150,GSM1595150,43799,0.0,195399.27,8,0.09710406
GSM1595151,GSM1595151,43799,0.0,200900.19,7,0.45765308
GSM1595152,GSM1595152,43799,0.0,200940.08,9,0.5519847
GSM1595153,GSM1595153,43799,0.0,202071.69,5,0.22037508
GSM1595154,GSM1595154,43799,0.0,202443.25,9,0.53822446
GSM1595155,GSM1595155,43799,0.0,202326.22,5,0.17431298
GSM1595156,GSM1595156,43799,0.0,201066.25,2,0.31059074
GSM1595157,GSM1595157,43799,0.0,203192.8,7,0.24689637
GSM1595158,GSM1595158,43799,0.0,200645.58,5,0.21173976
GSM1595159,GSM1595159,43799,0.0,202608.83,9,0.53379166
GSM1595160,GSM1595160,43799,0.0,203230.58,9,0.55362326
GSM1595161,GSM1595161,43799,0.0,196471.78,8,0.4634151
GSM1595162,GSM1595162,43799,0.0,199398.92,11,0.2498681
GSM1595163,GSM1595163,43799,0.0,199514.4,11,0.21687299
GSM1595164,GSM1595164,43799,0.0,196123.33,8,0.5283244
GSM1595165,GSM1595165,43799,0.0,201640.7,7,0.391515
GSM1595166,GSM1595166,43799,0.0,199645.88,7,0.44980338
GSM1595167,GSM1595167,43799,0.0,199791.38,11,0.47113362
GSM1595168,GSM1595168,43799,0.0,198505.08,8,0.5396055
GSM1595169,GSM1595169,43799,0.0,197625.12,8,0.5059061
GSM1595170,GSM1595170,43799,0.0,202232.61,5,0.42009678
GSM1595171,GSM1595171,43799,0.0,200699.08,5,0.5249295
GSM1595172,GSM1595172,43799,0.0,201943.45,5,0.5058442
GSM1595173,GSM1595173,43799,0.0,201507.92,7,0.33954677
GSM1595174,GSM1595174,43799,0.0,198646.03,11,0.34902918
GSM1595175,GSM1595175,43799,0.0,201390.45,5,0.43814284
GSM1595176,GSM1595176,43799,0.0,201323.69,7,0.43566647
GSM1595177,GSM1595177,43799,0.0,197067.53,11,0.40773132
GSM1595178,GSM1595178,43799,0.0,199881.45,5,0.4641864
GSM1595179,GSM1595179,43799,0.0,202507.98,7,0.45701957
GSM1595180,GSM1595180,43799,0.0,194376.77,8,0.3779764
GSM1595181,GSM1595181,43799,0.0,202280.81,5,0.29871985
GSM1595182,GSM1595182,43799,0.0,197169.9,11,0.5196861
GSM1595183,GSM1595183,43799,0.0,198626.92,11,0.48764402
GSM1595184,GSM1595184,43799,0.0,203641.44,7,0.44148844
GSM1595185,GSM1595185,43799,0.0,202619.75,7,0.41639635
GSM1595186,GSM1595186,43799,0.0,197759.38,8,0.3775606
GSM1595187,GSM1595187,43799,0.0,203166.2,7,0.41309303
GSM1595188,GSM1595188,43799,0.0,200360.52,5,0.51208216
GSM1595189,GSM1595189,43799,0.0,200422.25,7,0.4138451
GSM1595190,GSM1595190,43799,0.0,203303.72,7,0.40118435
GSM1595191,GSM1595191,43799,0.0,199254.06,11,0.42516863
GSM1595192,GSM1595192,43799,0.0,199480.62,5,0.29882383
GSM1595193,GSM1595193,43799,0.0,200823.86,5,0.2770246
GSM1595194,GSM1595194,43799,0.0,202028.77,1,0.30517074
GSM1595195,GSM1595195,43799,0.0,198738.39,13,0.5252517
GSM1595196,GSM1595196,43799,0.0,199207.7,5,0.40810624
GSM1595197,GSM1595197,43799,0.0,197607.97,13,0.32304797
GSM1595198,GSM1595198,43799,0.0,201207.03,7,0.34036896
GSM1595199,GSM1595199,43799,0.0,199599.67,4,0.5046347
GSM1595200,GSM1595200,43799,0.0,198295.31,11,0.49002624
GSM1595201,GSM1595201,43799,0.0,201239.08,9,0.550314
GSM1595202,GSM1595202,43799,0.0,200543.9,11,0.4055067
GSM1595203,GSM1595203,43799,0.0,199775.27,9,0.5498711
GSM1595204,GSM1595204,43799,0.0,199130.34,11,0.44184172
GSM1595205,GSM1595205,43799,0.0,200933.66,5,0.49157253
GSM1595206,GSM1595206,43799,0.0,193288.92,8,0.37579343
GSM1595207,GSM1595207,43799,0.0,194149.86,8,0.5079429
GSM1595208,GSM1595208,43799,0.0,197514.89,8,0.5042221
GSM1595209,GSM1595209,43799,0.0,202843.58,7,0.4563329
GSM1595210,GSM1595210,43799,0.0,196527.0,8,0.37700287
GSM1595211,GSM1595211,43799,0.0,201712.34,7,0.26528126
GSM1595212,GSM1595212,43799,0.0,202512.39,9,0.53941333
GSM1595213,GSM1595213,43799,0.0,198049.14,11,0.44427118
GSM1595214,GSM1595214,43799,0.0,197751.33,8,0.4968549
GSM1595215,GSM1595215,43799,0.0,202577.9,7,0.42909348
GSM1595216,GSM1595216,43799,0.0,200265.39,11,0.47798288
GSM1595217,GSM1595217,43799,0.0,199584.75,11,0.49145558
GSM1595218,GSM1595218,43799,0.0,201492.61,5,0.52312565
GSM1595219,GSM1595219,43799,0.0,195845.62,1,0.41179043
GSM1595220,GSM1595220,43799,0.0,201635.69,7,0.22830054
GSM1595221,GSM1595221,43799,0.0,199680.27,11,0.3503444
GSM1595222,GSM1595222,43799,0.0,196091.02,11,0.4501024
